"Date ","series ","OPEN ","HIGH ","LOW ","PREV. CLOSE ","ltp ","close ","vwap ","52W H ","52W L ","VOLUME ","VALUE ","No of trades "
"28-Mar-2025","EQ","82.45","86.94","82.00","81.28","82.20","82.20","84.53","118.40","71.00","7,23,67,264","6,11,72,00,295.01","1,80,358"
"27-Mar-2025","EQ","80.60","82.27","80.00","80.94","81.82","81.28","81.17","118.40","71.00","8,49,26,439","6,89,34,59,449.20","1,09,502"
"26-Mar-2025","EQ","81.45","82.85","80.55","81.31","80.90","80.94","81.78","118.40","71.00","2,00,90,934","1,64,29,73,080.68","76,066"
"25-Mar-2025","EQ","84.30","84.65","80.75","83.62","81.21","81.31","82.12","118.40","71.00","1,98,26,090","1,62,82,12,939.35","66,580"
"24-Mar-2025","EQ","83.29","84.99","83.19","82.56","83.65","83.62","83.93","118.40","71.00","1,98,69,482","1,66,76,23,249.91","65,446"
"21-Mar-2025","EQ","80.20","84.09","80.02","80.04","82.53","82.56","82.85","118.40","71.00","4,80,89,355","3,98,42,80,560.69","1,33,897"
"20-Mar-2025","EQ","81.38","81.80","79.67","80.20","79.95","80.04","80.52","118.40","71.00","1,24,43,348","1,00,19,34,957.70","45,848"
"19-Mar-2025","EQ","79.30","80.60","79.06","79.13","80.17","80.20","80.05","118.40","71.00","1,07,58,869","86,12,89,690.72","40,317"
"18-Mar-2025","EQ","78.75","79.35","77.88","78.33","79.12","79.13","78.74","118.40","71.00","1,21,51,679","95,67,83,435.03","55,491"
"17-Mar-2025","EQ","77.60","79.20","77.60","77.57","78.16","78.33","78.33","118.40","71.00","1,15,45,925","90,43,49,811.57","51,287"
"13-Mar-2025","EQ","78.80","79.00","77.30","78.36","77.57","77.57","78.02","118.40","71.00","1,15,12,350","89,81,83,257.29","50,032"
"12-Mar-2025","EQ","77.00","78.50","76.69","76.58","78.33","78.36","77.67","118.40","71.00","1,56,57,366","1,21,61,23,680.40","59,690"
"11-Mar-2025","EQ","75.00","76.95","74.32","75.80","76.73","76.58","75.87","118.40","71.00","1,25,55,697","95,26,29,515.53","87,128"
"10-Mar-2025","EQ","77.40","78.50","75.31","77.03","75.44","75.80","76.93","118.40","71.00","1,15,91,159","89,17,16,518.34","54,840"
"07-Mar-2025","EQ","77.41","78.15","76.63","77.51","76.96","77.03","77.39","118.40","71.00","1,09,46,561","84,71,94,611.33","52,451"
"06-Mar-2025","EQ","77.00","77.82","76.50","76.35","77.20","77.51","77.32","118.40","71.00","1,08,95,125","84,24,25,312.53","48,731"
"05-Mar-2025","EQ","74.00","76.56","74.00","73.57","76.50","76.35","75.73","118.40","71.00","1,51,68,229","1,14,87,07,497.54","59,642"
"04-Mar-2025","EQ","72.98","74.40","72.43","73.37","73.85","73.57","73.57","118.40","71.00","1,59,15,861","1,17,08,67,398.71","57,151"
"03-Mar-2025","EQ","73.59","74.24","71.50","72.90","73.46","73.37","72.66","118.40","71.00","1,73,64,718","1,26,16,84,986.75","87,827"
"28-Feb-2025","EQ","73.50","73.86","71.00","74.31","73.14","72.90","72.55","118.40","71.00","2,84,37,195","2,06,31,46,494.91","1,11,973"
"27-Feb-2025","EQ","76.35","76.99","73.51","76.01","74.19","74.31","74.77","118.40","71.00","1,98,18,208","1,48,17,72,593.14","82,934"
"25-Feb-2025","EQ","77.31","78.80","75.90","77.24","76.04","76.01","77.09","118.40","71.00","2,07,38,338","1,59,88,00,721.13","67,460"
"24-Feb-2025","EQ","78.90","78.95","77.05","79.89","77.28","77.24","77.63","118.40","71.00","1,73,96,412","1,35,05,59,991.79","79,410"
"21-Feb-2025","EQ","80.10","82.16","79.53","79.80","79.92","79.89","80.78","118.40","71.00","4,16,31,037","3,36,28,13,628.13","1,15,594"
"20-Feb-2025","EQ","75.50","80.41","75.00","74.62","79.89","79.80","78.43","118.40","71.00","5,08,30,969","3,98,67,78,370.98","1,69,174"
"19-Feb-2025","EQ","72.95","74.83","72.15","73.01","74.50","74.62","73.79","118.40","71.00","1,20,62,248","89,00,15,489.54","58,180"
"18-Feb-2025","EQ","73.08","73.41","71.14","73.21","72.80","73.01","72.28","118.40","71.00","1,35,97,956","98,28,68,097.73","84,955"
"17-Feb-2025","EQ","72.50","73.60","71.10","73.29","73.07","73.21","72.52","118.40","71.00","1,26,67,923","91,86,39,867.30","78,077"
"14-Feb-2025","EQ","75.51","75.81","72.35","75.30","73.12","73.29","73.56","118.40","71.00","1,11,30,111","81,87,11,607.02","79,190"
"13-Feb-2025","EQ","72.90","76.25","72.80","74.10","75.35","75.30","75.21","118.40","71.00","1,44,49,514","1,08,66,77,019.89","72,464"
"12-Feb-2025","EQ","74.02","74.60","71.00","74.39","74.21","74.10","73.03","118.40","71.00","1,90,72,148","1,39,28,89,011.58","98,739"
"11-Feb-2025","EQ","76.50","76.84","73.87","76.17","74.07","74.39","74.68","118.40","72.15","1,43,32,035","1,07,02,70,687.97","69,911"
"10-Feb-2025","EQ","76.00","78.86","74.91","77.43","76.29","76.17","76.36","118.40","72.15","1,78,72,082","1,36,46,35,945.35","74,424"
"07-Feb-2025","EQ","77.70","78.49","76.90","77.61","77.47","77.43","77.66","118.40","72.15","1,09,78,567","85,26,15,696.88","44,396"
"06-Feb-2025","EQ","80.00","80.84","77.25","79.53","77.75","77.61","78.81","118.40","72.15","1,51,23,982","1,19,18,95,849.08","80,426"
"05-Feb-2025","EQ","78.80","80.13","78.54","78.91","79.45","79.53","79.65","118.40","72.15","1,26,28,688","1,00,59,33,078.63","64,982"
"04-Feb-2025","EQ","77.71","79.15","76.75","76.73","78.75","78.91","78.07","118.40","72.15","1,32,96,006","1,03,79,87,162.02","69,382"
"03-Feb-2025","EQ","77.13","77.62","74.53","78.84","77.30","76.73","76.36","118.40","72.15","2,54,12,024","1,94,05,16,277.29","1,31,043"
"01-Feb-2025","EQ","82.00","82.60","77.24","80.55","78.86","78.84","80.24","118.40","72.15","2,75,42,115","2,20,98,76,909.67","1,28,060"
"31-Jan-2025","EQ","75.70","82.10","75.16","75.47","81.10","80.55","78.89","118.40","72.15","2,27,70,528","1,79,63,64,880.87","1,01,470"
"30-Jan-2025","EQ","74.90","76.75","74.23","74.58","75.60","75.47","75.69","118.40","72.15","1,77,07,842","1,34,03,61,358.25","81,050"
"29-Jan-2025","EQ","73.10","75.63","73.10","73.09","74.90","74.58","74.57","118.40","72.15","1,39,12,840","1,03,75,14,858.66","75,614"
"28-Jan-2025","EQ","75.00","76.07","72.43","74.77","73.25","73.09","73.68","118.40","72.15","1,53,38,930","1,13,02,44,172.78","85,846"
"27-Jan-2025","EQ","76.50","76.68","74.10","76.88","74.40","74.77","75.11","118.40","72.15","1,20,35,524","90,39,59,759.14","71,910"
"24-Jan-2025","EQ","78.40","78.81","76.75","78.46","76.93","76.88","77.58","118.40","72.15","83,28,267","64,61,04,583.10","45,516"
"23-Jan-2025","EQ","77.50","79.63","77.06","77.76","78.42","78.46","78.65","118.40","72.15","79,00,425","62,13,60,682.62","39,556"
"22-Jan-2025","EQ","79.04","79.29","76.63","79.02","77.80","77.76","77.73","118.40","72.15","1,32,10,629","1,02,68,71,528.47","57,959"
"21-Jan-2025","EQ","79.91","80.24","78.80","79.96","79.03","79.02","79.32","118.40","72.15","1,23,75,916","98,16,17,435.13","46,548"
"20-Jan-2025","EQ","80.54","80.70","79.70","80.40","79.92","79.96","80.16","118.40","72.15","71,49,925","57,31,33,630.71","45,594"
"17-Jan-2025","EQ","78.41","81.00","78.00","78.83","80.11","80.40","79.87","118.40","68.55","1,55,92,475","1,24,53,14,291.70","58,184"
"16-Jan-2025","EQ","78.00","79.30","77.94","77.18","78.82","78.83","78.81","118.40","68.55","81,48,498","64,21,71,396.51","36,507"
"15-Jan-2025","EQ","77.33","78.70","76.36","76.39","77.24","77.18","77.57","118.40","68.55","1,32,72,868","1,02,95,28,468.93","59,404"
"14-Jan-2025","EQ","72.70","77.00","72.70","72.57","76.40","76.39","75.46","118.40","68.55","1,79,57,402","1,35,50,75,910.99","82,912"
"13-Jan-2025","EQ","73.86","75.30","72.15","76.60","72.47","72.57","73.95","118.40","68.55","2,85,15,075","2,10,87,79,185.36","1,29,810"
"10-Jan-2025","EQ","78.11","78.54","76.43","78.11","76.79","76.60","77.40","118.40","68.40","1,77,80,157","1,37,60,97,765.82","98,103"
"09-Jan-2025","EQ","79.09","79.20","77.61","78.99","78.22","78.11","78.24","118.40","68.40","1,19,62,206","93,58,79,908.35","60,882"
"08-Jan-2025","EQ","79.29","79.69","77.58","79.19","79.03","78.99","78.71","118.40","68.40","1,50,63,154","1,18,56,31,183.44","72,759"
"07-Jan-2025","EQ","79.44","80.27","78.65","79.27","79.35","79.19","79.35","118.40","68.40","1,40,31,288","1,11,33,44,252.22","66,871"
"06-Jan-2025","EQ","83.00","83.08","78.90","83.09","79.00","79.27","79.87","118.40","68.40","3,20,44,630","2,55,94,09,491.91","1,52,087"
"03-Jan-2025","EQ","83.40","84.50","82.51","82.47","82.73","83.09","83.36","118.40","64.65","2,34,21,943","1,95,24,57,516.61","92,373"
"02-Jan-2025","EQ","82.20","82.72","81.28","81.94","82.70","82.47","82.10","118.40","64.65","90,40,064","74,21,50,426.85","86,040"
"01-Jan-2025","EQ","81.00","82.47","80.69","80.69","81.94","81.94","81.82","118.40","64.65","1,28,95,679","1,05,51,14,914.42","65,307"
"31-Dec-2024","EQ","79.74","81.05","78.37","79.75","80.60","80.69","79.45","118.40","64.65","2,49,06,446","1,97,89,09,251.56","1,19,517"
"30-Dec-2024","EQ","80.67","81.40","78.78","80.33","79.31","79.75","79.80","118.40","64.65","5,80,30,384","4,63,07,41,691.96","1,57,156"
"27-Dec-2024","EQ","82.09","82.41","80.05","82.04","80.34","80.33","81.22","118.40","63.50","1,53,27,439","1,24,49,52,397.05","78,384"
"26-Dec-2024","EQ","82.49","82.90","81.50","82.05","82.00","82.04","82.09","118.40","63.50","84,11,428","69,05,18,227.16","42,938"
"24-Dec-2024","EQ","82.40","82.53","81.45","82.03","82.00","82.05","82.03","118.40","63.50","1,25,09,867","1,02,61,80,899.89","59,115"
"23-Dec-2024","EQ","82.75","82.76","81.22","81.47","82.03","82.03","82.01","118.40","63.50","1,43,54,373","1,17,71,83,700.77","68,879"
"20-Dec-2024","EQ","84.44","84.50","80.85","84.44","81.40","81.47","82.63","118.40","58.00","1,73,98,126","1,43,75,90,861.34","1,05,279"
"19-Dec-2024","EQ","81.30","84.70","81.30","83.64","84.43","84.44","83.62","118.40","58.00","1,53,32,138","1,28,21,40,122.15","1,39,993"
"18-Dec-2024","EQ","84.80","85.18","83.50","84.97","83.67","83.64","84.02","118.40","58.00","1,46,96,825","1,23,48,72,224.60","1,29,689"
"17-Dec-2024","EQ","85.30","85.90","84.60","85.23","84.80","84.97","85.18","118.40","58.00","1,38,44,583","1,17,92,53,826.51","1,15,098"
"16-Dec-2024","EQ","86.00","86.39","85.00","85.44","85.09","85.23","85.42","118.40","58.00","1,36,03,994","1,16,20,54,766.37","1,30,648"
"13-Dec-2024","EQ","85.04","85.90","83.16","85.04","85.39","85.44","84.61","118.40","58.00","1,89,42,927","1,60,27,24,442.42","82,452"
"12-Dec-2024","EQ","86.22","86.80","84.75","86.11","85.12","85.04","85.57","118.40","58.00","1,74,73,558","1,49,51,50,099.81","80,005"
"11-Dec-2024","EQ","86.00","87.10","85.80","85.98","86.06","86.11","86.28","118.40","58.00","1,66,15,409","1,43,35,03,868.34","87,320"
"10-Dec-2024","EQ","87.29","87.29","85.55","86.77","85.96","85.98","86.17","118.40","58.00","2,52,01,333","2,17,16,39,579.08","1,19,857"
"09-Dec-2024","EQ","87.00","88.79","86.20","84.87","86.75","86.77","87.36","118.40","58.00","6,65,96,997","5,81,80,54,900.02","3,22,859"
"06-Dec-2024","EQ","82.40","86.84","81.97","82.18","84.80","84.87","85.30","118.40","56.70","7,11,49,439","6,06,91,11,361.19","2,02,053"
"05-Dec-2024","EQ","82.40","83.35","81.31","81.95","82.29","82.18","82.23","118.40","56.70","2,42,56,105","1,99,46,99,346.15","89,449"
"04-Dec-2024","EQ","82.34","83.27","81.70","81.98","82.00","81.95","82.18","118.40","56.70","2,02,41,141","1,66,34,03,844.16","74,270"
"03-Dec-2024","EQ","81.89","82.70","81.60","81.48","82.00","81.98","82.05","118.40","56.70","1,39,09,353","1,14,12,95,609.84","61,780"
"02-Dec-2024","EQ","81.90","82.96","81.25","81.44","81.29","81.48","81.98","118.40","56.70","1,47,90,030","1,21,24,72,217.42","67,330"
"29-Nov-2024","EQ","83.55","83.74","80.90","83.51","81.70","81.44","81.59","118.40","53.65","2,51,98,619","2,05,58,37,813.81","94,286"
"28-Nov-2024","EQ","82.78","84.68","82.39","82.99","83.80","83.51","83.60","118.40","53.65","1,58,68,730","1,32,65,91,279.08","77,507"
"27-Nov-2024","EQ","81.23","83.40","80.83","81.23","83.02","82.99","82.66","118.40","53.65","1,81,30,311","1,49,86,15,052.06","84,974"
"26-Nov-2024","EQ","82.80","82.90","80.90","82.43","81.20","81.23","81.89","118.40","53.65","1,27,25,918","1,04,20,67,800.99","88,985"
"25-Nov-2024","EQ","80.99","83.60","80.83","79.16","82.28","82.43","82.55","118.40","53.65","4,69,02,993","3,87,18,87,242.96","1,37,591"
"22-Nov-2024","EQ","80.00","80.54","78.86","79.38","79.05","79.16","79.42","118.40","52.25","1,36,20,509","1,08,17,28,119.16","87,854"
"21-Nov-2024","EQ","80.00","80.44","78.11","80.01","79.42","79.38","79.01","118.40","52.25","1,42,71,113","1,12,75,59,609.19","97,705"
"19-Nov-2024","EQ","78.30","80.48","78.25","78.16","80.05","80.01","79.89","118.40","52.25","1,60,65,815","1,28,34,24,250.34","80,692"
"18-Nov-2024","EQ","78.63","78.95","76.41","78.38","78.10","78.16","77.86","118.40","52.25","1,65,06,105","1,28,51,71,486.60","1,03,445"
"14-Nov-2024","EQ","77.95","78.74","77.26","77.94","78.39","78.38","78.09","118.40","51.60","1,61,63,462","1,26,21,24,323.00","97,868"
"13-Nov-2024","EQ","80.79","80.79","77.74","80.79","77.90","77.94","78.59","118.40","51.60","2,30,48,732","1,81,13,76,625.86","1,66,639"
"12-Nov-2024","EQ","81.70","82.04","80.50","81.08","80.60","80.79","81.02","118.40","51.60","1,08,07,995","87,56,45,366.54","81,252"
"11-Nov-2024","EQ","82.35","82.58","80.05","82.35","81.28","81.08","80.91","118.40","51.60","2,05,08,701","1,65,94,06,469.23","1,15,529"
"08-Nov-2024","EQ","81.50","82.79","80.40","84.52","82.39","82.35","81.96","118.40","49.95","2,75,75,921","2,26,00,27,158.46","1,44,611"
"07-Nov-2024","EQ","84.60","85.59","83.80","83.94","84.50","84.52","84.63","118.40","49.95","2,52,03,001","2,13,29,38,632.66","1,10,486"
"06-Nov-2024","EQ","81.00","84.64","80.67","80.18","84.25","83.94","82.54","118.40","49.95","2,57,23,834","2,12,33,12,519.63","1,26,530"
"05-Nov-2024","EQ","83.33","83.36","79.50","83.30","80.10","80.18","80.46","118.40","49.95","4,25,17,035","3,42,10,71,727.91","2,30,014"
"04-Nov-2024","EQ","84.50","84.50","82.01","84.13","83.30","83.30","82.89","118.40","49.95","1,46,89,168","1,21,76,34,713.81","95,703"
"01-Nov-2024","EQ","83.80","84.38","83.01","82.60","84.19","84.13","84.08","118.40","49.20","48,21,257","40,53,65,520.76","60,710"
"31-Oct-2024","EQ","82.20","83.30","81.63","82.03","82.44","82.60","82.52","118.40","49.20","2,18,78,438","1,80,54,92,691.05","1,54,144"
"30-Oct-2024","EQ","80.67","82.95","79.87","80.67","82.20","82.03","81.85","118.40","49.20","2,22,07,113","1,81,77,27,452.04","1,18,623"
"29-Oct-2024","EQ","79.30","80.90","78.26","78.94","80.65","80.67","79.47","118.40","49.20","1,54,01,041","1,22,39,64,288.83","90,943"
"28-Oct-2024","EQ","79.00","80.10","77.70","78.50","79.00","78.94","79.10","118.40","49.20","2,40,29,278","1,90,06,37,923.49","1,39,372"
"25-Oct-2024","EQ","80.35","80.91","77.06","80.05","78.59","78.50","78.46","118.40","48.40","3,19,80,972","2,50,91,81,540.61","1,63,320"
"24-Oct-2024","EQ","78.39","81.95","78.31","78.18","80.14","80.05","80.27","118.40","48.40","4,07,61,475","3,27,19,26,152.82","1,82,814"
"23-Oct-2024","EQ","78.59","80.37","75.10","78.60","77.95","78.18","78.36","118.40","48.40","6,05,81,545","4,74,72,46,721.12","3,25,460"
"22-Oct-2024","EQ","82.00","82.19","78.10","82.05","78.70","78.60","80.00","118.40","48.40","4,18,96,269","3,35,15,73,931.82","2,89,536"
"21-Oct-2024","EQ","84.50","84.55","81.65","84.13","81.80","82.05","82.64","118.40","48.40","1,60,07,325","1,32,28,42,276.72","1,46,142"
"18-Oct-2024","EQ","84.85","84.85","83.01","84.95","84.30","84.13","83.91","118.40","48.40","3,49,70,175","2,93,43,78,377.69","1,65,607"
"17-Oct-2024","EQ","88.10","88.75","84.75","87.99","84.95","84.95","86.05","118.40","48.40","2,32,58,469","2,00,14,50,521.79","1,69,932"
"16-Oct-2024","EQ","90.00","90.25","87.80","90.01","87.99","87.99","88.54","118.40","48.40","2,70,10,285","2,39,15,26,619.06","1,48,680"
"15-Oct-2024","EQ","91.06","91.84","89.74","91.06","90.10","90.01","90.26","118.40","48.40","1,35,14,291","1,21,97,61,511.32","76,271"
"14-Oct-2024","EQ","91.00","91.65","90.76","90.92","91.02","91.06","91.08","118.40","48.40","78,09,402","71,12,94,642.50","54,122"
"11-Oct-2024","EQ","90.62","91.25","90.00","90.81","90.92","90.92","90.69","118.40","48.40","1,07,76,323","97,73,22,770.36","60,139"
"10-Oct-2024","EQ","92.62","92.90","90.50","92.14","90.69","90.81","91.46","118.40","48.40","1,53,75,544","1,40,62,75,062.30","90,892"
"09-Oct-2024","EQ","91.36","93.19","90.85","90.64","92.33","92.14","91.68","118.40","48.40","3,83,36,883","3,51,46,96,728.38","1,03,162"
"08-Oct-2024","EQ","89.55","91.58","87.72","90.47","90.97","90.64","90.17","118.40","48.40","2,17,47,643","1,96,10,09,570.46","1,43,322"
"07-Oct-2024","EQ","93.15","93.25","87.72","93.17","90.51","90.47","90.05","118.40","48.40","3,17,30,134","2,85,73,49,402.29","2,44,272"
"04-Oct-2024","EQ","92.35","93.40","91.05","92.96","93.35","93.17","92.74","118.40","48.40","1,44,49,046","1,34,00,18,612.40","94,170"
"03-Oct-2024","EQ","93.15","94.30","92.77","95.05","93.06","92.96","93.51","118.40","48.40","2,11,58,068","1,97,85,89,856.29","1,29,895"
"01-Oct-2024","EQ","95.30","95.55","94.60","94.95","95.08","95.05","95.09","118.40","48.40","1,46,15,288","1,38,96,98,483.45","84,739"
"30-Sep-2024","EQ","95.34","96.19","94.41","95.34","94.70","94.95","95.06","118.40","48.40","2,64,25,540","2,51,19,37,474.69","1,36,590"
"27-Sep-2024","EQ","94.00","96.00","93.15","93.43","94.38","95.34","94.94","118.40","48.40","5,66,73,067","5,38,04,51,054.52","1,37,225"
"26-Sep-2024","EQ","93.30","93.85","92.20","92.92","93.40","93.43","92.74","118.40","48.40","1,75,58,678","1,62,83,54,543.69","1,04,590"
"25-Sep-2024","EQ","93.70","94.07","92.30","93.46","92.65","92.92","92.96","118.40","48.40","2,15,76,479","2,00,57,42,583.45","1,33,165"
"24-Sep-2024","EQ","94.24","94.33","93.30","94.24","93.47","93.46","93.62","118.40","48.40","2,27,23,732","2,12,74,97,779.62","1,29,161"
"23-Sep-2024","EQ","94.60","95.00","93.85","94.65","94.10","94.24","94.30","118.40","48.40","3,01,50,367","2,84,32,14,291.39","1,65,660"
"20-Sep-2024","EQ","92.55","96.20","91.80","92.43","94.21","94.65","93.72","118.40","48.40","3,10,54,052","2,91,03,87,290.32","1,75,746"
"19-Sep-2024","EQ","94.95","95.22","91.39","94.39","92.94","92.43","92.65","118.40","48.40","2,04,71,147","1,89,67,17,263.91","1,92,674"
"18-Sep-2024","EQ","95.10","95.95","94.06","95.50","94.35","94.39","94.87","118.40","48.40","89,09,159","84,52,21,027.17","95,525"
"17-Sep-2024","EQ","96.40","96.40","95.17","96.19","95.49","95.50","95.55","118.40","48.40","1,03,17,825","98,59,00,521.44","99,151"
"16-Sep-2024","EQ","94.69","96.98","94.50","94.28","96.28","96.19","96.11","118.40","48.40","1,99,05,720","1,91,32,33,946.73","1,06,551"
"13-Sep-2024","EQ","95.70","96.50","94.00","95.30","94.47","94.28","95.17","118.40","48.40","1,51,68,030","1,44,35,30,190.52","89,933"
"12-Sep-2024","EQ","95.20","95.90","94.65","94.38","95.30","95.30","95.35","118.40","48.40","1,69,82,988","1,61,93,89,827.57","95,817"
"11-Sep-2024","EQ","95.05","95.87","94.10","95.05","94.25","94.38","94.82","118.40","48.40","1,17,17,823","1,11,11,12,452.23","75,945"
"10-Sep-2024","EQ","95.19","96.28","94.87","94.87","94.90","95.05","95.46","118.40","48.40","1,32,09,197","1,26,09,33,829.59","81,699"
"09-Sep-2024","EQ","96.00","96.05","93.81","96.09","94.78","94.87","94.60","118.40","48.40","2,29,51,872","2,17,13,03,663.59","1,28,603"
"06-Sep-2024","EQ","97.99","98.43","95.50","98.21","96.05","96.09","96.40","118.40","48.40","1,95,18,008","1,88,15,28,895.44","1,06,764"
"05-Sep-2024","EQ","98.90","98.98","97.56","98.75","98.26","98.21","98.22","118.40","48.40","1,59,14,761","1,56,31,51,668.46","77,864"
"04-Sep-2024","EQ","98.80","99.30","97.92","99.07","98.65","98.75","98.56","118.40","48.40","1,94,37,901","1,91,58,12,685.03","86,224"
"03-Sep-2024","EQ","98.00","99.35","97.26","97.84","98.90","99.07","98.52","118.40","48.40","2,61,55,552","2,57,67,48,325.40","1,19,381"
"02-Sep-2024","EQ","100.00","100.50","97.44","96.12","97.55","97.84","98.53","118.40","48.40","5,26,36,400","5,18,60,27,102.50","2,07,995"
"30-Aug-2024","EQ","95.50","97.75","93.09","95.02","97.15","96.12","95.43","118.40","48.40","4,14,87,282","3,95,92,21,260.31","1,55,467"
"29-Aug-2024","EQ","95.00","97.30","94.82","95.06","95.02","95.02","95.69","118.40","48.40","3,06,22,569","2,93,02,39,504.65","1,28,081"
"28-Aug-2024","EQ","95.10","95.98","94.73","95.03","95.08","95.06","95.19","118.40","48.40","1,93,36,484","1,84,06,87,166.09","1,04,183"
"27-Aug-2024","EQ","96.60","96.96","94.80","96.65","95.19","95.03","95.64","118.40","48.40","1,88,58,070","1,80,36,42,569.92","1,17,057"
"26-Aug-2024","EQ","97.60","99.30","96.41","97.09","96.64","96.65","97.20","118.40","48.40","1,85,57,442","1,80,37,78,474.21","96,838"
"23-Aug-2024","EQ","98.45","98.60","97.00","97.93","97.08","97.09","97.71","118.40","48.40","1,84,47,799","1,80,25,70,667.64","96,885"
"22-Aug-2024","EQ","96.40","98.15","96.10","95.94","97.98","97.93","97.23","118.40","48.40","2,26,72,016","2,20,44,29,634.49","86,618"
"21-Aug-2024","EQ","95.35","96.60","95.35","96.80","95.96","95.94","96.08","118.40","48.40","1,55,90,227","1,49,78,44,940.13","80,064"
"20-Aug-2024","EQ","96.75","96.98","95.85","96.19","96.83","96.80","96.45","118.40","48.40","1,68,69,237","1,62,70,48,183.81","80,586"
"19-Aug-2024","EQ","94.65","97.35","94.50","94.13","96.73","96.19","96.14","118.40","48.40","3,12,39,316","3,00,33,24,635.38","1,39,148"
"16-Aug-2024","EQ","94.10","94.89","92.50","93.68","94.09","94.13","93.33","118.40","48.40","3,47,56,900","3,24,39,73,148.35","1,68,635"
"14-Aug-2024","EQ","95.62","96.05","93.05","95.12","93.44","93.68","93.95","118.40","48.40","2,77,39,978","2,60,61,56,321.24","1,50,719"
"13-Aug-2024","EQ","97.00","97.79","94.64","96.87","95.02","95.12","96.30","118.40","48.40","2,55,38,708","2,45,93,32,035.05","1,45,625"
"12-Aug-2024","EQ","96.84","97.20","95.45","97.77","96.83","96.87","96.33","118.40","48.40","3,68,67,310","3,55,14,17,047.30","2,10,662"
"09-Aug-2024","EQ","99.28","99.80","97.40","98.78","97.74","97.77","98.47","118.40","48.40","2,32,86,851","2,29,30,71,645.02","1,24,332"
"08-Aug-2024","EQ","100.20","100.20","98.26","100.55","98.72","98.78","99.42","118.40","48.40","2,70,76,745","2,69,20,37,439.10","1,33,724"
"07-Aug-2024","EQ","101.00","101.60","98.02","97.81","100.20","100.55","99.25","118.40","48.40","3,88,58,385","3,85,68,73,728.04","1,60,590"
"06-Aug-2024","EQ","99.00","101.50","97.42","98.31","97.86","97.81","99.46","118.40","48.40","3,65,52,604","3,63,56,78,179.25","1,81,941"
"05-Aug-2024","EQ","100.00","101.25","97.73","103.31","98.08","98.31","99.33","118.40","48.40","5,75,34,546","5,71,48,64,139.72","3,12,776"
"02-Aug-2024","EQ","103.00","103.95","102.36","105.05","103.42","103.31","103.27","118.40","48.40","2,48,54,216","2,56,68,11,231.67","1,21,800"
"01-Aug-2024","EQ","105.70","106.30","103.80","105.04","105.00","105.05","105.02","118.40","48.40","3,22,07,899","3,38,23,93,922.57","1,20,476"
"31-Jul-2024","EQ","105.50","105.98","104.75","105.49","105.24","105.04","105.10","118.40","48.40","2,60,15,515","2,73,42,94,293.24","1,15,443"
"30-Jul-2024","EQ","105.36","106.65","105.25","105.36","105.44","105.49","105.86","118.40","48.40","2,93,87,753","3,11,10,26,048.30","1,14,293"
"29-Jul-2024","EQ","105.25","105.78","104.26","104.62","105.45","105.36","105.18","118.40","48.40","3,61,22,083","3,79,92,57,724.22","1,44,389"
"26-Jul-2024","EQ","103.50","107.40","103.50","101.96","104.55","104.62","105.45","118.40","47.40","7,41,50,250","7,81,92,03,612.07","2,31,339"
"25-Jul-2024","EQ","101.40","103.80","101.01","102.38","101.99","101.96","102.30","118.40","47.40","3,78,70,720","3,87,40,16,731.14","1,61,381"
"24-Jul-2024","EQ","103.38","105.83","101.82","103.75","102.60","102.38","103.39","118.40","47.40","6,92,56,057","7,16,01,03,731.96","2,47,414"
"23-Jul-2024","EQ","108.18","108.87","96.67","107.30","103.59","103.75","103.37","118.40","47.40","11,92,53,056","12,32,68,08,843.03","5,16,605"
"22-Jul-2024","EQ","105.80","108.65","104.30","106.27","107.49","107.30","107.08","118.40","47.40","5,79,95,385","6,21,01,80,831.11","2,25,266"
"19-Jul-2024","EQ","108.45","109.72","105.50","108.30","105.94","106.27","106.82","118.40","45.35","6,50,72,210","6,95,11,95,164.40","2,79,287"
"18-Jul-2024","EQ","113.45","114.60","107.50","113.21","108.60","108.30","109.45","118.40","45.35","8,48,93,554","9,29,16,15,152.53","3,31,438"
"16-Jul-2024","EQ","116.21","117.30","113.00","115.81","113.68","113.21","114.85","118.40","45.35","6,03,99,835","6,93,67,89,042.25","2,37,583"
"15-Jul-2024","EQ","113.80","118.40","111.65","113.02","115.94","115.81","115.74","118.40","45.35","13,84,87,161","16,02,85,69,219.63","4,47,995"
"12-Jul-2024","EQ","115.00","116.95","112.55","114.07","112.81","113.02","114.91","118.00","44.85","15,86,15,919","18,22,63,85,478.23","4,70,743"
"11-Jul-2024","EQ","109.44","114.49","109.00","108.82","114.21","114.07","111.74","118.00","44.85","17,81,98,788","19,91,17,07,583.83","4,51,710"
"10-Jul-2024","EQ","106.79","109.60","102.06","106.05","108.95","108.82","106.98","118.00","44.85","13,49,58,277","14,43,78,28,637.75","3,64,366"
"09-Jul-2024","EQ","104.18","107.49","103.70","103.62","106.30","106.05","106.15","118.00","44.85","9,88,80,924","10,49,64,19,357.91","2,75,695"
"08-Jul-2024","EQ","104.50","106.70","103.25","103.82","103.49","103.62","104.86","118.00","44.85","6,97,92,078","7,31,86,20,189.59","2,36,089"
"05-Jul-2024","EQ","103.40","105.30","102.94","103.60","103.65","103.82","103.99","118.00","44.85","7,42,13,267","7,71,76,96,152.38","2,08,797"
"04-Jul-2024","EQ","102.00","104.34","101.80","101.46","102.98","103.60","103.20","118.00","44.85","8,18,24,578","8,44,40,95,886.29","2,22,791"
"03-Jul-2024","EQ","99.45","101.94","99.26","99.00","101.30","101.46","100.89","118.00","44.85","6,24,71,696","6,30,24,89,729.46","1,60,572"
"02-Jul-2024","EQ","100.35","100.68","98.71","100.10","99.00","99.00","99.55","118.00","44.85","2,90,96,085","2,89,66,17,084.98","1,39,574"
"01-Jul-2024","EQ","101.00","101.25","99.81","100.70","100.08","100.10","100.22","118.00","44.85","2,09,49,761","2,09,95,78,521.24","1,09,000"
"28-Jun-2024","EQ","99.00","102.83","98.69","98.58","100.54","100.70","100.96","118.00","44.85","5,35,77,299","5,40,89,67,283.47","1,59,489"
"27-Jun-2024","EQ","99.70","100.30","98.01","99.70","98.96","98.58","99.07","118.00","44.85","3,89,62,271","3,86,01,69,040.13","1,56,157"
"26-Jun-2024","EQ","99.99","100.54","99.10","99.88","99.35","99.70","99.84","118.00","44.85","3,18,50,737","3,18,00,82,711.15","1,18,777"
"25-Jun-2024","EQ","100.04","100.60","99.51","99.81","99.78","99.88","99.94","118.00","44.85","2,37,95,528","2,37,80,93,158.58","1,06,146"
"24-Jun-2024","EQ","99.71","101.20","99.51","100.76","99.75","99.81","100.24","118.00","44.85","4,91,49,212","4,92,65,96,849.82","1,32,484"
"21-Jun-2024","EQ","100.30","101.70","99.95","100.29","100.75","100.76","100.61","118.00","44.85","4,73,41,955","4,76,30,18,989.62","1,54,136"
"20-Jun-2024","EQ","100.10","101.78","99.70","100.10","100.25","100.29","100.57","118.00","44.85","4,19,74,488","4,22,15,40,050.35","2,01,432"
"19-Jun-2024","EQ","102.00","102.15","99.11","101.70","100.19","100.10","100.37","118.00","44.85","3,92,53,925","3,93,98,53,585.62","1,56,811"
"18-Jun-2024","EQ","103.15","103.30","101.24","102.59","101.85","101.70","102.21","118.00","44.85","3,53,31,787","3,61,11,44,500.41","1,52,773"
"14-Jun-2024","EQ","102.56","104.30","101.60","102.30","102.45","102.59","102.84","118.00","43.95","4,79,10,765","4,92,71,34,773.58","1,51,208"
"13-Jun-2024","EQ","103.60","104.07","101.87","103.17","102.35","102.30","102.62","118.00","43.95","4,20,52,456","4,31,54,68,858.36","1,43,306"
"12-Jun-2024","EQ","102.74","103.95","102.49","102.39","103.02","103.17","103.15","118.00","43.95","4,75,19,149","4,90,13,89,094.02","1,49,103"
"11-Jun-2024","EQ","102.75","102.85","101.28","101.98","102.40","102.39","102.09","118.00","43.95","6,82,34,398","6,96,60,10,729.06","2,95,882"
"10-Jun-2024","EQ","104.30","105.48","101.40","103.20","101.85","101.98","103.60","118.00","43.95","6,67,59,074","6,91,61,23,135.07","2,84,419"
"07-Jun-2024","EQ","102.70","103.85","101.30","102.60","103.10","103.20","102.66","118.00","43.40","8,47,65,091","8,70,18,88,628.05","2,19,509"
"06-Jun-2024","EQ","99.75","104.95","99.55","97.35","102.95","102.60","102.72","118.00","43.40","10,56,41,480","10,85,16,39,053.60","3,09,674"
"05-Jun-2024","EQ","100.00","101.80","93.15","97.40","97.35","97.35","96.56","118.00","43.40","13,95,89,190","13,47,91,31,255.05","5,10,154"
"04-Jun-2024","EQ","113.15","113.25","91.10","113.15","98.35","97.40","102.28","118.00","43.40","28,40,68,043","29,05,41,44,900.00","10,13,342"
"03-Jun-2024","EQ","118.00","118.00","110.60","107.25","113.25","113.15","113.11","118.00","43.40","16,04,15,834","18,14,46,22,953.90","5,18,385"
"31-May-2024","EQ","101.85","110.45","101.40","101.05","108.00","107.25","106.44","115.85","42.75","59,69,96,129","63,54,62,29,180.45","5,22,450"
"30-May-2024","EQ","102.00","102.00","100.00","101.60","100.85","101.05","100.97","115.85","42.75","7,70,18,738","7,77,66,26,374.80","1,67,175"
"29-May-2024","EQ","100.20","102.30","98.65","100.20","101.65","101.60","100.65","115.85","42.75","8,57,94,252","8,63,50,80,921.30","2,10,565"
"28-May-2024","EQ","102.75","103.95","99.40","102.30","100.25","100.20","101.04","115.85","42.75","8,71,26,691","8,80,28,55,551.95","2,51,308"
"27-May-2024","EQ","103.60","104.70","100.65","102.45","102.65","102.30","102.62","115.85","42.75","9,64,93,592","9,90,17,31,128.25","2,72,150"
"24-May-2024","EQ","105.65","106.30","101.30","105.30","102.80","102.45","103.90","115.85","42.55","9,13,61,716","9,49,22,95,069.30","2,83,325"
"23-May-2024","EQ","106.00","108.70","104.30","105.75","105.05","105.30","106.45","115.85","42.55","12,11,49,201","12,89,65,59,290.50","3,11,988"
"22-May-2024","EQ","105.00","107.65","103.00","103.10","105.90","105.75","105.31","115.85","42.55","16,24,00,701","17,10,28,78,592.60","3,81,195"
"21-May-2024","EQ","98.60","104.50","97.20","97.90","103.55","103.10","101.89","115.85","42.55","20,67,93,531","21,07,07,09,550.85","4,66,175"
"18-May-2024","EQ","97.00","98.50","95.50","99.25","97.75","97.90","97.50","115.85","42.55","2,81,00,264","2,73,98,18,455.20","1,02,225"
"17-May-2024","EQ","99.00","100.60","98.25","98.20","99.30","99.25","99.27","115.85","42.55","8,21,55,121","8,15,51,85,454.80","2,21,313"
"16-May-2024","EQ","98.30","99.50","97.20","97.40","98.35","98.20","98.48","115.85","42.55","8,06,51,718","7,94,23,65,435.75","1,97,118"
"15-May-2024","EQ","99.35","100.40","96.85","98.95","97.25","97.40","98.56","115.85","42.55","8,41,17,827","8,29,03,69,327.20","1,96,166"
"14-May-2024","EQ","94.00","99.40","93.85","93.75","98.80","98.95","97.17","115.85","42.55","10,52,22,356","10,22,43,82,371.35","2,35,289"
"13-May-2024","EQ","94.80","94.90","91.40","94.50","93.55","93.75","93.08","115.85","42.55","6,27,98,125","5,84,49,55,158.20","1,81,930"
"10-May-2024","EQ","94.30","95.50","90.40","93.65","94.35","94.50","93.46","115.85","42.55","9,96,53,414","9,31,34,38,513.55","2,13,887"
"09-May-2024","EQ","98.00","99.00","92.85","98.85","93.75","93.65","95.83","115.85","42.55","8,34,85,011","8,00,05,82,081.65","2,49,450"
"08-May-2024","EQ","97.40","100.60","95.55","97.10","98.90","98.85","98.47","115.85","42.55","11,31,13,556","11,13,87,75,028.70","2,26,999"
"07-May-2024","EQ","101.90","102.35","96.05","101.75","97.40","97.10","99.26","115.85","42.55","10,87,28,559","10,79,24,22,193.20","2,62,446"
"06-May-2024","EQ","101.00","103.50","97.00","99.25","101.55","101.75","101.16","115.85","42.55","18,87,76,678","19,09,64,86,645.65","3,84,152"
"03-May-2024","EQ","98.80","101.35","97.30","98.00","99.10","99.25","99.30","115.85","42.55","11,39,71,395","11,31,73,06,431.60","2,31,314"
"02-May-2024","EQ","97.45","99.20","97.00","96.20","98.00","98.00","98.08","115.85","42.55","9,89,93,366","9,70,93,30,347.10","2,27,490"
"30-Apr-2024","EQ","93.95","96.70","93.35","93.40","95.95","96.20","95.32","115.85","42.55","11,04,94,020","10,53,27,11,866.05","1,93,818"
"29-Apr-2024","EQ","93.45","94.40","92.70","92.55","93.45","93.40","93.63","115.85","42.55","5,38,24,312","5,03,96,69,496.00","1,21,252"
"26-Apr-2024","EQ","91.45","94.00","91.15","91.05","92.60","92.55","92.58","115.85","41.90","6,61,65,102","6,12,54,02,420.85","1,33,022"
"25-Apr-2024","EQ","90.40","91.65","90.00","90.25","91.00","91.05","90.93","115.85","41.90","3,43,51,777","3,12,37,64,238.90","85,877"
"24-Apr-2024","EQ","90.60","91.20","89.70","89.75","90.15","90.25","90.45","115.85","41.90","3,25,05,222","2,94,00,37,703.45","79,439"
"23-Apr-2024","EQ","89.10","90.60","88.90","88.55","89.80","89.75","89.95","115.85","41.90","4,25,58,278","3,82,79,09,548.70","87,585"
"22-Apr-2024","EQ","88.80","89.70","88.30","87.15","88.60","88.55","88.88","115.85","41.90","3,26,90,525","2,90,55,79,390.80","84,805"
"19-Apr-2024","EQ","88.70","89.15","87.00","89.50","87.40","87.15","87.82","115.85","41.80","7,42,07,139","6,51,68,34,579.30","1,50,751"
"18-Apr-2024","EQ","91.70","92.95","89.05","91.20","89.65","89.50","91.38","115.85","41.80","4,76,81,863","4,35,72,55,862.80","1,17,015"
"16-Apr-2024","EQ","88.00","91.80","87.70","88.95","90.95","91.20","90.26","115.85","41.80","5,03,48,939","4,54,43,38,151.75","1,12,312"
"15-Apr-2024","EQ","88.35","90.60","86.85","92.25","89.00","88.95","88.95","115.85","41.80","7,11,02,656","6,32,43,67,835.65","2,08,813"
"12-Apr-2024","EQ","92.10","94.20","91.85","92.85","92.15","92.25","92.84","115.85","39.90","4,84,18,306","4,49,53,72,343.30","1,17,120"
"10-Apr-2024","EQ","91.35","93.30","90.70","91.15","92.90","92.85","92.27","115.85","39.90","4,82,74,768","4,45,43,87,629.75","1,18,031"
"09-Apr-2024","EQ","92.25","92.95","90.30","92.35","91.30","91.15","91.71","115.85","39.90","4,36,96,280","4,00,73,69,224.95","1,17,069"
"08-Apr-2024","EQ","94.50","94.70","92.00","93.95","92.20","92.35","92.99","115.85","39.90","4,40,69,047","4,09,78,48,161.65","1,46,473"
"05-Apr-2024","EQ","95.00","95.35","92.70","94.70","93.95","93.95","94.05","115.85","39.90","7,42,66,481","6,98,50,45,086.90","1,77,056"
"04-Apr-2024","EQ","93.80","95.50","93.40","93.20","94.90","94.70","94.40","115.85","39.90","8,72,62,326","8,23,72,19,098.65","2,05,799"
"03-Apr-2024","EQ","92.00","93.60","91.15","92.20","93.00","93.20","92.86","115.85","39.90","7,54,80,238","7,00,92,90,616.05","1,77,375"
"02-Apr-2024","EQ","90.95","92.85","89.60","90.50","92.15","92.20","91.45","115.85","39.90","9,96,75,395","9,11,51,30,969.00","2,26,944"
"01-Apr-2024","EQ","90.65","90.90","89.40","89.70","90.65","90.50","90.36","115.85","39.90","5,51,90,742","4,98,71,00,524.40","1,60,893"